,Character,Category
0,Stan Marsh,The Four Boys
1,Kyle Broflovski,The Four Boys
2,Eric Cartman,The Four Boys
3,Kenny McCormick,The Four Boys
4,Butters Stotch,4th Graders
5,Wendy Testaburger,4th Graders
6,Annie Knitts,4th Graders
7,Bebe Stevens,4th Graders
8,Bradley Biggle,4th Graders
9,Craig Tucker,4th Graders
10,Clyde Donovan,4th Graders
11,David Rodriguez,4th Graders
12,Dog Poo Petuski,4th Graders
13,Esther,4th Graders
14,Francis,4th Graders
15,Heidi Turner,4th Graders
16,Jason,4th Graders
17,Jenny Simons,4th Graders
18,Jimmy Valmer,4th Graders
19,Kevin Stoley,4th Graders
20,Lola,4th Graders
21,Millie Larsen,4th Graders
22,Nelly,4th Graders
23,Nichole Daniels,4th Graders
24,Pip Pirrup,4th Graders
25,Powder Turner,4th Graders
26,Red,4th Graders
27,Scott Malkinson,4th Graders
28,Timmy Burch,4th Graders
29,Token Black,4th Graders
30,Tweek Tweak,4th Graders
31,Alex Glick,4th Graders
32,Allen Varcas,4th Graders
33,Allie Nelson,4th Graders
34,Annie (Butters' Bottom Bitch),4th Graders
35,Apple Replacement Friend,4th Graders
36,Ashley,4th Graders
37,Baahir Hakeem,4th Graders
38,Beth,4th Graders
39,Bill Allen,4th Graders
40,Billy Circlovich,4th Graders
41,Billy Miller,4th Graders
42,Bloodrayne,4th Graders
43,Bobby,4th Graders
44,Bradley (Cartman Sucks),4th Graders
45,Greeley Batter (Brian),4th Graders
46,Carlos (My Future Self N' Me),4th Graders
47,Charlotte,4th Graders
48,Chris Donnely,4th Graders
49,Christophe The Mole,4th Graders
50,Cosette,4th Graders
51,Courtney,4th Graders
52,Damien Thorn,4th Graders
53,David Weatherhead,4th Graders
54,Davin Miller,4th Graders
55,Douglas,4th Graders
56,Emily Marx,4th Graders
57,Emmett Hollis,4th Graders
58,Estella Havesham,4th Graders
59,Felipe (My Future Self N' Me),4th Graders
60,Ferrari,4th Graders
61,Fosse McDonald,4th Graders
62,Francis (Special Ed),4th Graders
63,Frederick Smith,4th Graders
64,Gary Harrison,4th Graders
65,Gavin Throttle,4th Graders
66,Gregory of Yardale,4th Graders
67,Herbert Pocket,4th Graders
68,Isiah Jordan,4th Graders
69,Isla,4th Graders
70,Jake,4th Graders
71,Jessica Rodriguez,4th Graders
72,Jessie,4th Graders
73,Jessie (Medicinal Fried Chicken),4th Graders
74,Josh Myers,4th Graders
75,Kal,4th Graders
76,Kelly,4th Graders
77,Kelly P. Gardner,4th Graders
78,Kelly Pinkerton-Tinfurter,4th Graders
79,Kelly Rutherford-Menskin,4th Graders
80,Kevin (Summer Sucks),4th Graders
81,King Douchebag,4th Graders
82,Sir Douchebag,4th Graders
83,Commander Douchebag,4th Graders
84,Kyle Schwartz,4th Graders
85,Larry,4th Graders
86,Leroy Mullins,4th Graders
87,Leslie Meyers,4th Graders
88,Lexus,4th Graders
89,Linda Triscotti,4th Graders
90,Lisa Berger,4th Graders
91,Lisa Smith,4th Graders
92,Liza,4th Graders
93,Lizzy,4th Graders
94,Loogie,4th Graders
95,Luke Covina,4th Graders
96,Mandy,4th Graders
97,Maria Sanchez,4th Graders
98,Mark Cotswolds,4th Graders
99,Meagan Ridley,4th Graders
100,Melissa Weatherhead,4th Graders
101,Mercedes,4th Graders
102,Michael (Special Ed),4th Graders
103,Mike,4th Graders
104,Milan,4th Graders
105,Missy,4th Graders
106,Molly,4th Graders
107,Monica Ryland,4th Graders
108,Morgan Pratt,4th Graders
109,Nancy,4th Graders
110,Nathan,4th Graders
111,Nathan casual outfit,4th Graders
112,Patty Nelson,4th Graders
113,Peter,4th Graders
114,Pete Melman,4th Graders
115,Porsche,4th Graders
116,Rebecca Cotswolds,4th Graders
117,Sally Darson,4th Graders
118,Samantha Dunskin,4th Graders
119,Schroeder,4th Graders
120,Shauna,4th Graders
121,Simon Van Gelder,4th Graders
122,Stacy Mullenberg,4th Graders
123,Tammy Nelson,4th Graders
124,Terrence Mephesto,4th Graders
125,Thad Jarvis,4th Graders
126,Thomas,4th Graders
127,Tommy (Medicinal Fried Chicken),4th Graders
128,Tommy Edwards,4th Graders
129,Tommy Fritz,4th Graders
130,Tommy Turner,4th Graders
131,Trent Boyett,4th Graders
132,Annie Knitts' Boyfriend (Skank Hunt),4th Graders
133,Black Haired Canadian Girl (Where My Country Gone?),4th Graders
134,Blonde Girl,4th Graders
135,Brimmy,4th Graders
136,Brown Coat Girl (T.M.I.),4th Graders
137,Canadian Alanis Morissette Lookalike (Where My Country Gone?),4th Graders
138,Carol's Older Daughter,4th Graders
139,Carrot,4th Graders
140,C Cap,4th Graders
141,Creepy Hallway Kids (Ass Burgers),4th Graders
142,Curly,4th Graders
143,Dubbly,4th Graders
144,Earmuff Boy,4th Graders
145,Elephantiasis Girl,4th Graders
146,Flower,4th Graders
147,Glasses,4th Graders
148,Glassy,4th Graders
149,Leslie's Friend,4th Graders
150,Nose-Picker (About Last Night...),4th Graders
151,Orange Shirt Boy,4th Graders
152,Red Shirt (Flashbacks),4th Graders
153,Slanty,4th Graders
154,Short Blonde-Haired Girl,4th Graders
155,Tripply (Scarf Boy),4th Graders
156,White Token,4th Graders
157,Asian Girl no.1,4th Graders
158,Asian Girl no.2,4th Graders
159,Asian Girl no.3,4th Graders
160,Asian Girl no.4,4th Graders
161,Asian Girl no.5,4th Graders
162,Asian Girl no.6,4th Graders
163,Asian Girl no.7,4th Graders
164,Asian Girl no.8,4th Graders
165,Amanda Harrison,School Characters
166,Ryan,School Characters
167,Allison Mertz,School Characters
168,Billy Harris,School Characters
169,Brown-Haired Pigtail Girl,School Characters
170,Charlotte's Sister,School Characters
171,Conner (Kindergartener),School Characters
172,Daniel Smith,School Characters
173,David Harrison,School Characters
174,Dental Floss,School Characters
175,Filmore Anderson,School Characters
176,Firkle (Kindergoth),School Characters
177,Flora Larsen,School Characters
178,Ike Broflovski,School Characters
179,Ike Broflovski,School Characters
180,Jenny,School Characters
181,Nelson Brown,School Characters
182,Quaid,School Characters
183,Sally Bands,School Characters
184,Ike's Friends (#REHASH),School Characters
185,Aaron Hagen,School Characters
186,Billy Turner,School Characters
187,Blanket Jefferson,School Characters
188,Blonde Boy With Freckles,School Characters
189,Bridon Gueermo,School Characters
190,Carol's Younger Daughter,School Characters
191,Casey Miller,School Characters
192,Charlotte's Brother,School Characters
193,Connor,School Characters
194,Corey Lanskin,School Characters
195,Craig's Sister,School Characters
196,Dougie,School Characters
197,Elvin Cartman,School Characters
198,Gary Nelson,School Characters
199,Gordon Stoltski,School Characters
200,Karen McCormick,School Characters
201,Katie,School Characters
202,Kip Drordry,School Characters
203,Laura (Erection Day),School Characters
204,Megan,School Characters
205,Pete Thelman,School Characters
206,Premise Running Thin,School Characters
207,Small Blonde Girl at Airport,School Characters
208,Smitty from New York,School Characters
209,Ryan Ellis,School Characters
210,Annie Barlett,School Characters
211,Sarah Peterson,School Characters
212,Streibel Daughters,School Characters
213,Vernon Trumski,School Characters
214,The Weasel,School Characters
215,6th Grade Leader,School Characters
216,Alexandria Cartman,School Characters
217,Amir,School Characters
218,Clark (Erection Day),School Characters
219,Girl Bullies,School Characters
220,Jake (Stick of Truth),School Characters
221,Kevin McCormick,School Characters
222,Larry Feegan,School Characters
223,Henrietta Biggle,School Characters
224,Maury,School Characters
225,Michael (Tall Goth),School Characters
226,Mike Vampir McKowski,School Characters
227,Mimsy,School Characters
228,Pete (Hair-flip Goth),School Characters
229,Jessica Pinkerton,School Characters
230,Jennifer Harrison,School Characters
231,Romper Stomper,School Characters
232,Shelly Marsh,School Characters
233,Slaughterhouse,School Characters
234,Kelly and Stacy,School Characters
235,Stephen Tamill,School Characters
236,Stephen Tamill's Friends,School Characters
237,Tammy Warner,School Characters
238,Yao,School Characters
239,Clyde's Sister,School Characters
240,Christmas Family Boy,School Characters
241,Dorky Girl (Asspen),School Characters
242,Heather (Asspen),School Characters
243,Jonesy,School Characters
244,Mark (Lords of the Underworld),School Characters
245,Mark Harrison,School Characters
246,Michael (Fat Butt and Pancake Head),School Characters
247,Red Hat Magic Watcher,School Characters
248,Scott Tenorman,School Characters
249,Steve (Pip),School Characters
250,9th Graders,School Characters
251,9th Graders,School Characters
252,Scott Tenorman's Friends,School Characters
253,Tad McKowski,School Characters
254,Teen Boy,School Characters
255,Teen Girls,School Characters
256,Teen Girls,School Characters
257,Teen Hippies,School Characters
258,Teen Hippies,School Characters
259,Schlomo (Theater Clerk),School Characters
260,Skyler Morse,School Characters
261,Tween Wave Fans,School Characters
262,Thumper the Ski Instructor,School Characters
263,Wayne D,School Characters
264,Ms. Bronski,School Characters
265,Mrs. Claridge,School Characters
266,Coach (1%),School Characters
267,Coach Connors,School Characters
268,Coach Garrett,School Characters
269,Coach Miles,School Characters
270,Mr. Derp,School Characters
271,Diane Choksondik,School Characters
272,Miss Ellen,School Characters
273,Mr. Evans and the School Board,School Characters
274,Girls Volleyball Coach,School Characters
275,Herbert Garrison,School Characters
276,Herbert Garrison,School Characters
277,Chef,School Characters
278,Jose Venezuela,School Characters
279,Kindergarten Teacher,School Characters
280,Librarian,School Characters
281,Ms. Herman,School Characters
282,Mr. Mackey,School Characters
283,Mary Gollum,School Characters
284,Mr. Meryl,School Characters
285,Mitchell the Janitor,School Characters
286,Mrs. Nelson (The City Part of Town),School Characters
287,Pearl Choise,School Characters
288,Principal Victoria,School Characters
289,Professor Lamont,School Characters
290,Professor Thomas,School Characters
291,Recess Groundskeeper,School Characters
292,PC Principal,School Characters
293,Richard Adler,School Characters
294,"Mr. Romero, music teacher",School Characters
295,Ms. Stephenson,School Characters
296,Mr. Stkrdknmibalz,School Characters
297,Mr. Slave,School Characters
298,Mrs. Streibel,School Characters
299,Substitute Teacher,School Characters
300,Mr. Thompson,School Characters
301,Veronica Crabtree,School Characters
302,Mr. Wyland,School Characters
303,The Marsh Family,Parents
304,Flo Kimble,Parents
305,Grandma Marsh,Parents
306,Jimbo Kern,Parents
307,Marvin Marsh,Parents
308,Randy Marsh,Parents
309,Sharon Marsh,Parents
310,Sparky,Parents
311,Sparky,Parents
312,Spooky Fish,Parents
313,Broflovski Family,Parents
314,Cleo Broflovski,Parents
315,Gerald Broflovski,Parents
316,Sheila Broflovski,Parents
317,Murrey Broflovski,Parents
318,Broflovski Relatives,Parents
319,Elephant,Parents
320,Broflovski Dog,Parents
321,Cartman Family,Parents
322,Fat Bob Cartman,Parents
323,Florence Cartman,Parents
324,Fred Cartman,Parents
325,Harold Cartman,Parents
326,Howard Cartman,Parents
327,Liane Cartman,Parents
328,Lisa Cartman,Parents
329,Mabel Cartman,Parents
330,Stinky Cartman,Parents
331,Jack Tenorman,Parents
332,Mrs. Tenorman,Parents
333,Fluffy,Parents
334,Mr. Kitty,Parents
335,Jimmy (Dog),Parents
336,Cartman's Fantasy Family,Parents
337,Cartman's Fantasy Family,Parents
338,Cartman's Fantasy Family,Parents
339,Cartman's Fantasy Family,Parents
340,McCormick Family,Parents
341,Grandpa McCormick,Parents
342,Mrs. McCormick,Parents
343,Stuart McCormick,Parents
344,Garland (Kenny's Dog),Parents
345,Kenny's Cat,Parents
346,Kenny's Unicorn,Parents
347,Junkyard Dog (Stick of Truth),Parents
348,Stotch Family,Parents
349,Budd Stotch,Parents
350,Grandma Stotch,Parents
351,Linda Stotch,Parents
352,Stephen Stotch,Parents
353,Nellie Stotch,Parents
354,Hamsters,Parents
355,Tucker Family,Parents
356,Laura Tucker,Parents
357,Laura Tucker in Buttoned Dress (Tweek x Craig),Parents
358,Thomas Tucker,Parents
359,Tucker Sister,Parents
360,Grandma Tucker,Parents
361,Donovan Family,Parents
362,Betsy Donovan,Parents
363,Roger Donovan,Parents
364,Donovan Relatives,Parents
365,Rex (Clyde's Dog),Parents
366,Valmer Family,Parents
367,Ryan Valmer,Parents
368,Sarah Valmer,Parents
369,The Burch Family,Parents
370,Richard and Helen Burch,Parents
371,Black Family,Parents
372,Steve Black,Parents
373,Linda Black,Parents
374,Testaburger Family,Parents
375,Mr. Testaburger,Parents
376,Mrs. Testaburger,Parents
377,Testaburger Grandmother,Parents
378,Tweak Family,Parents
379,Richard Tweak,Parents
380,Mrs. Tweak,Parents
381,Mrs. Tweak,Parents
382,The Stevens Family,Parents
383,Mr. Stevens,Parents
384,Mrs. Stevens,Parents
385,Barbrady and Barney,Parents
386,Barney (Barbrady's Dog),Parents
387,Biggle Family,Parents
388,Mr. Biggle,Parents
389,Mrs. Biggle,Parents
390,Stoley Family,Parents
391,Mr. Stoley,Parents
392,Mrs. Stoley,Parents
393,The Knitts Family,Parents
394,Mrs. Knitts-Faulk,Parents
395,The Turner Family,Parents
396,Nancy Turner,Parents
397,Mr. Turner (Marjorine),Parents
398,Steven Turner (Probably),Parents
399,Mrs. Turner (Probably),Parents
400,Mr. and Mrs. Turner (Mr. Hankey's Christmas Classics),Parents
401,Daniels Family,Parents
402,Mr. and Mrs. Daniels,Parents
403,The Larsen Family,Parents
404,Mrs. Larsen,Parents
405,The Mephesto Family,Parents
406,Dr. Alphonse Mephesto,Parents
407,Dr. Alphonse Mephesto with Fuller Collar (201),Parents
408,Dr. Alphonse Mephesto with Lab Coat (The City Part of Town),Parents
409,The Rodriguez Family,Parents
410,Mr. Rodriguez,Parents
411,Mrs. Rodriguez,Parents
412,Charlotte's Family,Parents
413,Thomas (Charlotte's Father),Parents
414,Charlotte's Mother,Parents
415,Charlotte's Grandmother,Parents
416,Bill and Fosse's Dads,Parents
417,Mr. and Mrs. Cotswolds,Parents
418,The Harrisons,Parents
419,Mrs. Miller,Parents
420,Skeeter,Parents
421,Thomas' Mom,Parents
422,Birthday Party Parents (Cock Magic),Parents
423,Christmas Family Mon and Dad,Parents
424,Mr. and Mrs. Brown,Parents
425,Douchebag's Parents,Parents
426,Mr. and Mrs. Drordry,Parents
427,Mr. and Mrs. Feegan,Parents
428,The Circlovichs,Parents
429,The Foleys,Parents
430,Mr. Gueermo,Parents
431,Mrs. Gueermo,Parents
432,Mr. Hagen,Parents
433,Mr. and Mrs. Hakeem,Parents
434,Mrs. Harris,Parents
435,Mr. Hollis,Parents
436,Josh Garret,Parents
437,Jenny's Parents,Parents
438,Katie's Parents,Parents
439,Betsy Macintosh,Parents
440,Michael's Parents,Parents
441,The Mole's Mom,Parents
442,Mr. Peterson (Fishsticks),Parents
443,Mrs. Peterson (Lil' Crime Stoppers),Parents
444,Shauna's Mom,Parents
445,Nathan's Parents,Parents
446,Nathan's Parents,Parents
447,Mr. Streibel,Parents
448,Tom (Summer Sucks),Parents
449,Mr. and Mrs. Triscotti,Parents
450,Mrs. Trumski,Parents
451,Maggie Yates,Parents
452,"Mr. and Mrs. Garrison, Sr.",Parents
453,Mr. and Mrs. Mackey Sr.,Parents
454,Thomas McElroy,Parents
455,Nellie McElroy,Parents
456,Mr. and Mrs. Weatherhead,Parents
457,Mr. Anders,Adults
458,Ben and Girlfriend,Adults
459,Ms. Campbell,Adults
460,Carrie Ayers,Adults
461,Chase,Adults
462,"Charlie, the DYNO-MIGHT firework company owner",Adults
463,Chris Peterson,Adults
464,Dylan and Sarah (Cartoon Wars),Adults
465,Greeley Dad,Adults
466,Helen,Adults
467,Juanita (Two Guys Naked in A Hot Tub),Adults
468,Mr. Davis,Adults
469,Mr. Donaldson,Adults
470,Ms. Donovan the Temptress (Probably),Adults
471,Enchorito Mark and Wife,Adults
472,Garrison followers,Adults
473,Jack and Elsie Garrett,Adults
474,Japanese Singer (Mecha-Streisand),Adults
475,Josh and Lisa,Adults
476,Marc (Cripple Fight),Adults
477,Marietta Kitchin,Adults
478,Martha (The Damned),Adults
479,Dr. David Nelson,Adults
480,Mrs. Nelson,Adults
481,Nick Donovan,Adults
482,Brad PC Arizona State,Adults
483,PC Arizona State,Adults
484,PC U Mass (Topher),Adults
485,PC Chino Hills,Adults
486,PC Ohio State,Adults
487,Mr. Pratt,Adults
488,Mrs. Pratt,Adults
489,Principal Victoria's Husband,Adults
490,Pueblo Dad,Adults
491,Rick Tellmore,Adults
492,Roy,Adults
493,Ms. Sanders,Adults
494,South Park City Planner,Adults
495,Steven and Girlfriend,Adults
496,Steve Steigman,Adults
497,"Stu, of Stu's Firework Shack",Adults
498,Swimming Instructor,Adults
499,Travis and Wife,Adults
500,Mr. Varcas,Adults
501,Mrs. Varcas,Adults
502,Woman (HUMANCENTiPAD),Adults
503,Mr. Whipple,Adults
504,Mrs. Whipple,Adults
505,LGBT Community,Adults
506,Allison,Adults
507,Betsy (D-Yikes!),Adults
508,Big Gay Al,Adults
509,Big Gay Al,Adults
510,Gretchen,Adults
511,Gay Court Judge (The F Word),Adults
512,Mayor's Rival,Adults
513,Kate (D-Yikes!),Adults
514,Katie (D-Yikes!),Adults
515,Ruffians Bartender,Adults
516,Ruffians Couple,Adults
517,Patty (D-Yikes!),Adults
518,Xerxes,Adults
519,Christmas Family Grandma,Adults
520,Dotty Applegate,Adults
521,Mr. Appleby,Adults
522,Elderly Gardener,Adults
523,Mr. Farnickle,Adults
524,Mrs. Farnickle,Adults
525,Jerry (clerk),Adults
526,Minstrel,Adults
527,Professor Teabag,Adults
528,Slaughterhouse,Adults
529,Green Skull Shirt Magic Watcher,Adults
530,Yellow shirt Magic Watcher,Adults
531,Nerdy Fat Magic Watcher,Adults
532,Fat Nerdy Magic Watcher,Adults
533,Faux Hawk Magic Watcher,Adults
534,Peach Fuzz Magic Watcher,Adults
535,Red Hat Magic Watcher,Adults
536,Buck Tooth Gameshirt Magic Watcher,Adults
537,Curly Hair Magic Watcher,Adults
538,Girl with Hair Up Magic Watcher,Adults
539,Magic Game Referee,Adults
540,Striped Hat Magic Watcher,Adults
541,Tech Support Magic Watcher,Adults
542,SP Cabbies' Union,Adults
543,Messy Hair Cabbie,Adults
544,Muslim Cabbie,Adults
545,Russian Cabbie,Adults
546,SP Cabbie,Adults
547,Cab Driver (Erection Day),Adults
548,Butters Stotch (Future Self),Adults
549,Eric Cartman (Future Self),Adults
550,Josh Cashner,Adults
551,MotivationCorp CEO,Adults
552,Stan Marsh (Future Self),Adults
553,Barbara Garthunk,Adults
554,Bob Ferrin and Laura Jones,Adults
555,Busy Beaver Truck Driver,Adults
556,Cable Company Worker,Adults
557,Cody,Adults
558,Counselor Steve,Adults
559,Frank Hammond and Phil,Adults
560,Gary Nelson (Hilton),Adults
561,Hobby Enthusiast Clerk,Adults
562,Howard J. Flannigan,Adults
563,Mrs. Flannigan,Adults
564,Interior Designer,Adults
565,Irene,Adults
566,Jason Bell,Adults
567,Marcus (Flashbacks),Adults
568,Marty and Postman,Adults
569,Panda Express Worker,Adults
570,Papa John's Employees,Adults
571,Photographer,Adults
572,Rachel from Quality Curtains,Adults
573,Realtor,Adults
574,Ron (SMP Employee),Adults
575,South Park City Transit Bus Driver,Adults
576,Steed Chef,Adults
577,Steed Waiter,Adults
578,Thad the UPS Man,Adults
579,Trash Man,Adults
580,Vernacular Chef,Adults
581,Vernacular Host,Adults
582,Vernacular Waiters,Adults
583,Benny the Banker,Adults
584,"Michael, the Alcoholic's Anonymous leader",Adults
585,Mr. Billings,Adults
586,Mr. Peters,Adults
587,Dean from Dean's Jewelry Bonanza,Adults
588,Frank Foon,Adults
589,Mr. Freeley,Adults
590,Hologram Owners,Adults
591,Mr. Jarvis (editor),Adults
592,Junichi Takiyama,Adults
593,Karate Instructor,Adults
594,"Dr. Lindsay, Psychic",Adults
595,Lolly,Adults
596,Mick,Adults
597,Miss Information,Adults
598,Miss Stevens,Adults
599,Peppermint Hippo DJ,Adults
600,PiPi,Adults
601,Red Harris,Adults
602,SoDoSoPa Architect,Adults
603,Tom Johansson,Adults
604,Mr. McGillicuddy,Adults
605,Mr. Stevenson,Adults
606,Tuong Lu Kim,Adults
607,Tuong Lu Kim with Flesh Cheekbones and Gray Pants (City Sushi),Adults
608,WSPIC DJ,Adults
609,Bryan Boyant - Geico Insurance,Adults
610,Mall Manager (Something You Can Do With Your Finger),Adults
611,Mall Manager (Black Friday),Adults
612,Old Cap,Adults
613,Sausage and Cheese Cart Owner,Adults
614,Black Friday Security Guards,Adults
615,Security Guard,Adults
616,Security Guard Cadet,Adults
617,Alex Hart,Adults
618,Cable Company President,Adults
619,Charles Kincaid,Adults
620,Dean Howland,Adults
621,Doug the President of FOX,Adults
622,"Don Heisman, CAA Agent",Adults
623,Faith Records CEO,Adults
624,Jesus & Pals Producer,Adults
625,Mr. Peters,Adults
626,John Postem,Adults
627,Marty the Director,Adults
628,Nick Jabs,Adults
629,SMP Boss,Adults
630,Sony President,Adults
631,John Warzog,Adults
632,Whole Foods Inspector,Adults
633,Mr. Hirohito President of Chinpoko Toy Corporation,Adults
634,Mr. Ose Chinpoko Toy Corporation - Associate,Adults
635,World of Warcraft Support Line Representative,Adults
636,Blizzard Gaming Entertainment President World of Warcraft,Adults
637,Jim and Thomas World of Warcraft,Adults
638,Church Choir,Adults
639,Father Maxi,Adults
640,Mortician,Adults
641,Pastor Phillips,Adults
642,Cemetery Staff Priest,Adults
643,Mt. Peaceful Cemetery Staff,Adults
644,Sister Ann,Adults
645,Camp New Grace Counselors,Adults
646,Mr. Adams,Adults
647,Colorado Supreme Court Justices,Adults
648,District Attorney,Adults
649,Glenn,Adults
650,Female CPS Agent,Adults
651,Firefighters,Adults
652,Governor of Colorado,Adults
653,Homeless Advisor,Adults
654,Judge Julie,Adults
655,Judge Moses,Adults
656,Mayor McDaniels,Adults
657,Bob Johnson (Mayor's Aide),Adults
658,Ted (Mayor's Aide),Adults
659,Mayor's Aide #3,Adults
660,Ranger McFriendly,Adults
661,Warden of Tolerance Camp,Adults
662,Park County Police,Adults
663,African-American Policeman,Adults
664,Asian-American Policeman,Adults
665,Officer Barbrady,Adults
666,Officer Barkley,Adults
667,Lieutenant Dawson,Adults
668,Fenton Hardly,Adults
669,Glen Dumont,Adults
670,Officer Foley,Adults
671,Detective Frakes,Adults
672,Detective Murphey,Adults
673,Detective Murphy (The Jeffersons),Adults
674,Detective Hopkins,Adults
675,Detectives Hyde and Richardson,Adults
676,Detective Jarvis,Adults
677,Detective Jenkins,Adults
678,Detective Johnson,Adults
679,Officer Mitchell Adams,Adults
680,Lieutenant Murphy,Adults
681,Officer Peterson,Adults
682,Officer Stevens,Adults
683,Chief Stevens,Adults
684,Harrison 'Harris' Yates,Adults
685,Senior Detective,Adults
686,Police Lieutenant,Adults
687,Brown,Adults
688,Carol (Geological Office),Adults
689,Galston,Adults
690,Geological Survey Supervisor,Adults
691,Peter Nelson,Adults
692,Mr. Nelson (Goobacks),Adults
693,Geologists,Adults
694,Anger Management Therapist,Adults
695,Asperger's Researcher,Adults
696,Dr. Biber,Adults
697,Black-Haired Nurse,Adults
698,Brown-Haired Nurse,Adults
699,Nurse Jillian,Adults
700,Clinic Doctor (Pinkeye),Adults
701,Dr. Carroll,Adults
702,Dr. Chinstrap,Adults
703,Dr. Horatio Gauche,Adults
704,Nurse Fran,Adults
705,Nurse Goodly,Adults
706,Hell's Pass Doctor (Poor and Stupid),Adults
707,Hell's Pass Nurses,Adults
708,Dr. Hallis,Adults
709,Dr. Jonathan Katz,Adults
710,Kenny's Doctor,Adults
711,Lice Treatment Doctor,Adults
712,Lice Treatment Nurses,Adults
713,Lice Treatment Nurse,Adults
714,Rita Struthers,Adults
715,Dr. Larry,Adults
716,Dr. Lott,Adults
717,Dr. Neeland,Adults
718,Dr. Matlock,Adults
719,Dr. Pal,Adults
720,Dr. Pinkerton,Adults
721,Dr. Martin Poonlover,Adults
722,Doctor (Sarcastaball),Adults
723,Rabbi Schwartz,Adults
724,Dr. Roberts,Adults
725,Dr. Tom,Adults
726,Unplanned Parenthood Doctor,Adults
727,Unplanned Parenthood Nurse,Adults
728,Dr. Wayne Schroeder,Adults
729,Dr. Vosknocker,Adults
730,Nurse Williams,Adults
731,Dr. Zonder,Adults
732,Asian Reporter Who Looks Like Ricardo Montalban,Adults
733,BBC Anchor (Wieners Out),Adults
734,BBC Reporter,Adults
735,Brandon Carlile,Adults
736,Cock Magic Announcer,Adults
737,Combat Reporter (You're Not Yelping),Adults
738,CNN Anchor (Douche and a Danish),Adults
739,Dan Akawa,Adults
740,Jeff Arrando,Adults
741,Chris (reporter),Adults
742,Dan Banks,Adults
743,Midget-in-a-Bikini,Adults
744,Aaron Brown,Adults
745,Jim Brown-ish,Adults
746,Keenen Williams,Adults
747,Lester Holt,Adults
748,Elderly Anchor,Adults
749,Creamy Goodness,Adults
750,Sid Greenfield and Crew,Adults
751,Mr. Greiger,Adults
752,Chris Holt,Adults
753,International News Reporter (The Damned),Adults
754,Kevin Jarvis,Adults
755,Bill Keegan,Adults
756,Niles Lawsen,Adults
757,Sid McDonahue,Adults
758,Natsako Semu,Adults
759,Nobunaga Hiroichi,Adults
760,Quadriplegic Swiss Man on a Pony,Adults
761,Tom Pusslicker,Adults
762,Tom News Four,Adults
763,Rick (reporter),Adults
764,Robert T. Pooner (Nebraska),Adults
765,Steven (anchor),Adults
766,Derek Smalls,Adults
767,Chris Swollenballs,Adults
768,Tom Thompson,Adults
769,Tammy Thompson,Adults
770,Keenan Williams,Adults
771,Ex-Newsmen,Adults
772,Tom,Adults
773,Rednecks,Adults
774,Bat Dad,Adults
775,Bartender,Adults
776,Bartender,Adults
777,Bill Denkins,Adults
778,Bill from Whistlin' Willy's (You're Not Yelping),Adults
779,Cameron,Adults
780,Carl the Weapons Expert,Adults
781,Cock Breeder,Adults
782,Dancing Duck Farmer,Adults
783,Daniel (T.M.I.),Adults
784,Darryl Weathers,Adults
785,Drunk Bum,Adults
786,Janitor and Farmer,Adults
787,Janitor and Farmer,Adults
788,Logger,Adults
789,Mechanic,Adults
790,Dennis,Adults
791,Halfy,Adults
792,Ned Gerblansky,Adults
793,Skeeter (With Apologies to Jesse Jackson),Adults
794,Eddie,Adults
795,Skeeter Friend,Adults
796,Skeeter's Friends,Adults
797,South Park Express Clerk,Adults
798,Truck Driver,Adults
799,Wise Man,Adults
800,Wheat Farmer,Adults
801,Mr. Yelman,Adults
802,Chief Runs With Premise,Adults
803,Chief Running Water,Adults
804,David 'Running Horse' Sawitsky,Adults
805,Jonny Manymoons,Adults
806,Native Canadians (Inuit),Adults
807,Native Hawaiians,Adults
808,Tardicaca Indians,Adults
809,Ute Tribe,Adults
810,The Yanagapa Tribe,Adults
811,David 'Chad' Palmer,Adults
812,Gunsmith,Adults
813,Murderin' Murphy,Adults
814,Pioneer Paul,Adults
815,Sheriff McLawdog,Adults
816,Storehand,Adults
817,Charnilay,Adults
818,Classi,Adults
819,Gino,Adults
820,Keshawn,Adults
821,Nut Gobbler,Adults
822,Ol' Frida,Adults
823,Q Money (pimp),Adults
824,Roxy,Adults
825,Sharise,Adults
826,Spontaneous Bootay,Adults
827,Would You like a Dance?,Adults
828,Booktastic Bus Driver,Adults
829,Cock Magic Promoter,Adults
830,Cock Magic Promoter Bodyguard A,Adults
831,Cock Magic Promoter Bodyguard B,Adults
832,Ghost of Human Kindness,Adults
833,Mr. Grazier,Adults
834,Jakartha,Adults
835,Jim McElroy,Adults
836,Michael Deets,Adults
837,Rapist Passenger,Adults
838,Pedophile (A Ladder to Heaven),Adults
839,Pedophile Photographer,Adults
840,Vladimir Stolfsky,Adults
841,Criminal (Insecurity),Adults
842,9/11 Truth Guy,Adults
843,Blonde Woman,Adults
844,Bowl-Cut Woman,Adults
845,Buddhist Monk,Adults
846,Cartman's Driver,Adults
847,Dough Eating Man,Adults
848,Drunk Man (Handicar),Adults
849,Gangsta Vamp,Adults
850,Geeky Computer Guys,Adults
851,Gun Judge,Adults
852,Hippie Chick,Adults
853,Hoffman & Turk Attorney,Adults
854,Hot Yoga Chick (Safe Space),Adults
855,Hunter (REHASH),Adults
856,Kenny's Lawyer,Adults
857,Man and Wife (World War Zimmerman),Adults
858,Man Driving Car (The Damned),Adults
859,Theater Attendant in Hoodie,Adults
860,Undressing Woman,Adults
861,Village Inn Waitress,Adults
862,Lillith and Boyfriend,Adults
863,Yelper Family,Adults
864,Whole Foods Checker,Adults
865,Internet Trolls (Fort Collins),Adults
866,"Internet Trolls as Spies (Aw, Jeez)",Adults
867,Anonymous821,Adults
868,Che Gamorrah,Adults
869,Dildo Schwaggins,Adults
870,Dildo Schwaggins (Pajamas),Adults
871,Leroy Jenkins,Adults
872,MLKKK,Adults
873,PurpleheadedQueeflicker,Adults
874,Skankhunt42,Adults
875,SuperSexyLisa18,Adults
876,URFATANDDUM,Adults
877,YourMomsTits,Adults
878,Brad Davis,Adults
879,David Quincy,Adults
880,Timothy Neely,Adults
881,Sea Park Announcers,Adults
882,Sea Park Announcers,Adults
883,Fort Collins Man and Daughter,Adults
884,Fort Collins Club Member,Adults
885,Gay Red Wings Players,Adults
886,Red Wings Coach and Dad,Adults
887,Australian Outback Guy,Adults
888,Lennart Bedrager,Adults
889,Chris,Adults
890,Larry (Prehistoric Ice Man),Adults
891,Leslie,Adults
892,Buck,Adults
893,Calvin and Little Buck,Adults
894,Manwell,Adults
895,Mark and Linda Cotner,Adults
896,Mr. Ose,Adults
897,Shrimp Seller,Adults
898,Starvin' Marvin,Adults
899,Stephen and Martha Thompson,Adults
900,Steve With Customer Service,Adults
901,Tom and Mary,Adults
902,Mrs. Zimmerman,Adults
903,ATF Agents,Federal Government
904,ATF Commander Danny Ganz,Federal Government
905,Astronauts,Federal Government
906,Army Soldiers,Federal Government
907,Captain Taylor and Captain Gabriel,Federal Government
908,Flame Thrower Man,Federal Government
909,U. S. Army Generals,Federal Government
910,General Plymkin,Federal Government
911,Government Scientists,Federal Government
912,Johnson (PC Principal Final Justice),Federal Government
913,Mr. Scientist,Federal Government
914,SWAT Team,Federal Government
915,Weathers (PC Principal Final Justice),Federal Government
916,Naval Carrier Officers,Federal Government
917,Government Agents,Federal Government
918,Big Bad Government Guy,Federal Government
919,CIA Agents,Federal Government
920,DMV Workers,Federal Government
921,FBI Agents,Federal Government
922,FBI Agent Fields,Federal Government
923,Hazmat Investigator,Federal Government
924,Papa Johns Hazmat Workers,Federal Government
925,Chief Joe,Federal Government
926,NSA Detectives,Federal Government
927,Secret Service Agents,Federal Government
928,Secret Service Agent Nelson,Federal Government
929,Toilet Safety Administration,Federal Government
930,USDA Scientists,Federal Government
931,USDA Scientist Jeff White,Federal Government
932,USDA Scientist John Garner,Federal Government
933,Agent Bill Sphinx (Starvin' Marvin in Space),Federal Government
934,Agent Donelly (Starvin' Marvin in Space),Federal Government
935,Ambassador of Humans,Federal Government
936,United Nations,Federal Government
937,United States Senate,Federal Government
938,Gary Condit,Federal Government
939,John F. Kennedy and Son,Federal Government
940,Jesse Jackson,Federal Government
941,Arnold Schwarzenegger,Federal Government
942,John McCain,Federal Government
943,Sarah Palin,Federal Government
944,Ron Paul,Federal Government
945,Pat Robertson,Federal Government
946,Mitt Romney,Federal Government
947,Rick Santorum,Federal Government
948,Herbert Garrison (Sponsored Content),Federal Government
949,Herbert Garrison with Tan (Member Berries),Federal Government
950,President-elect Herbert Garrison (Members Only),Federal Government
951,Caitlyn Jenner,Federal Government
952,Chris Christie,Federal Government
953,Newt Gingrich,Federal Government
954,Steve Bannon,Federal Government
955,Reince Preibus,Federal Government
956,Donald Trump,Federal Government
957,Barack Obama,Federal Government
958,Michelle Obama,Federal Government
959,Joe Biden,Federal Government
960,Bill Clinton,Federal Government
961,Bill Clinton (The Red Badge of Gayness),Federal Government
962,"Bill Clinton (Aw, Jeez)",Federal Government
963,Hillary Clinton,Federal Government
964,Al Gore,Federal Government
965,Al Gore (The Red Badge of Gayness),Federal Government
966,Janet Reno,Federal Government
967,Tom Vilsack,Federal Government
968,George W. Bush,Federal Government
969,George W. Bush (Super Best Friends),Federal Government
970,Laura Bush,Federal Government
971,Dick Cheney,Federal Government
972,Condoleezza Rice,Federal Government
973,Karl Rove,Federal Government
974,Donald Rumsfeld,Federal Government
975,Donald Rumsfeld (Mystery of the Urinal Deuce),Federal Government
976,Prince of Canada,Canadians
977,Prince of Canada,Canadians
978,Princess of Canada,Canadians
979,The Queef Sisters,Canadians
980,Terrance,Canadians
981,Phillip,Canadians
982,Canadian President,Canadians
983,Stephen Abootman,Canadians
984,Bishop of Banff,Canadians
985,Beelzeboot the Canadian Devil,Canadians
986,Black-Haired Canadian Presidential Aide,Canadians
987,Canadian Border Wall Guard,Canadians
988,Canadian Minister of Mobile Gaming (Beelzeboot),Canadians
989,Canadian Minister of Mobile Gaming,Canadians
990,Canadian Minister of Movies,Canadians
991,Canadian Minister of Sports,Canadians
992,Canadian Presidential Aide Johnson,Canadians
993,Canadian Doorman,Canadians
994,Duke of Calgary,Canadians
995,Duke of Vancouver,Canadians
996,Earl of Winnipeg,Canadians
997,Minister of Montreal,Canadians
998,Prime Minister of Canada,Canadians
999,Queen of Canada,Canadians
1000,Rick the Mountie,Canadians
1001,Terry the Minister of Health,Canadians
1002,Canadians,Canadians
1003,Canadians,Canadians
1004,Canadian Doctor,Canadians
1005,Fancy Fwiend,Canadians
1006,Elise Gintz,Canadians
1007,Harry Gintz,Canadians
1008,Hockey Player,Canadians
1009,French Canadian Mime,Canadians
1010,Canadian Gynecologist,Canadians
1011,Canadian Reporter,Canadians
1012,Red Canadians Group,Canadians
1013,Sally Dion,Canadians
1014,Scott the Dick,Canadians
1015,Steve the Newfoundlander,Canadians
1016,Suicidal Canadian Man (Where My Country Gone?),Canadians
1017,Canadian Therapist,Canadians
1018,Terry's Wife,Canadians
1019,Ugly Bob,Canadians
1020,Barky,Canadians
1021,Canadian Barking Spider,Canadians
1022,Dire Bears,Canadians
1023,Dire Snakes,Canadians
1024,Dire Wolves,Canadians
1025,Purry,Canadians
1026,Baby Fark McGeezax,Non-Human
1027,Biggest Douche Judges,Non-Human
1028,Carl (Visitor),Non-Human
1029,Gelgameks,Non-Human
1030,Intergalactic Police,Non-Human
1031,Joozians,Non-Human
1032,Marklar,Non-Human
1033,Miles Standish,Non-Human
1034,Najix,Non-Human
1035,People of Indi,Non-Human
1036,Pilgrim King,Non-Human
1037,Xenu,Non-Human
1038,Ursula The Giant Douche,Non-Human
1039,Visitors,Non-Human
1040,Visitors,Non-Human
1041,Visitors,Non-Human
1042,Afghani Goat,Non-Human
1043,Paris Hilton's Pets,Non-Human
1044,Clucky,Non-Human
1045,Duck President,Non-Human
1046,Four-Assed Monkey,Non-Human
1047,Fluffy (Cock),Non-Human
1048,Gadnuk the Breaker of Worlds,Non-Human
1049,Ginger Cow (character),Non-Human
1050,Gobbles,Non-Human
1051,Jeffy,Non-Human
1052,Jimmy (the bulldog),Non-Human
1053,Lemmiwinks,Non-Human
1054,McNuggets,Non-Human
1055,Penis Mouse,Non-Human
1056,Paris Hilton's Pets,Non-Human
1057,Scrambles (Cock),Non-Human
1058,Scrambles (Major Boobage),Non-Human
1059,Paris Hilton's Pets,Non-Human
1060,Patches,Non-Human
1061,Paris Hilton's Pets,Non-Human
1062,Stripe,Non-Human
1063,Adorable Bunnies (Pip),Non-Human
1064,Bears,Non-Human
1065,Bunny,Non-Human
1066,Cats,Non-Human
1067,Chickens,Non-Human
1068,Dr. Cornwallis,Non-Human
1069,Cows,Non-Human
1070,Dewbacks,Non-Human
1071,Fat Cat (Cat Orgy),Non-Human
1072,Jakovasaur,Non-Human
1073,Kenny's Rats,Non-Human
1074,Lions,Non-Human
1075,Lion Cubs,Non-Human
1076,Ostrich,Non-Human
1077,Ostrich-Human Hybrid Child,Non-Human
1078,Manatees,Non-Human
1079,Mountain Lion,Non-Human
1080,Retarded Fish,Non-Human
1081,Tauntauns,Non-Human
1082,Triceratops,Non-Human
1083,WikiLeaks,Non-Human
1084,Willzyx,Non-Human
1085,Wild Dogs,Non-Human
1086,Whale and Dolphin,Non-Human
1087,Velociraptor,Non-Human
1088,Aunt Jemima,Non-Human
1089,Abraham Lincoln,Non-Human
1090,Catatafish,Non-Human
1091,Betsy Donovan,Non-Human
1092,Blockbuster Employee,Non-Human
1093,Frog King,Non-Human
1094,Great Grandpa Marsh,Non-Human
1095,Kenny McCormick,Non-Human
1096,Sir John Harrington,Non-Human
1097,Michael Jackson,Non-Human
1098,Pirate Ghosts,Non-Human
1099,Edgar Allen Poe,Non-Human
1100,Elvis Presley,Non-Human
1101,Sparrow Prince,Non-Human
1102,Cheesing Barbarians,Non-Human
1103,Cheesing Princess,Non-Human
1104,Cheesing King,Non-Human
1105,Dragon,Non-Human
1106,Drone,Non-Human
1107,National Guard Drone,Non-Human
1108,New Drone,Non-Human
1109,Police Drone,Non-Human
1110,Riot Police Drone,Non-Human
1111,Bill Cosby (android),Non-Human
1112,Funnybot (character),Non-Human
1113,Gingerbots,Non-Human
1114,Jewbots,Non-Human
1115,K-10,Non-Human
1116,KIT-9,Non-Human
1117,KOK-A-3,Non-Human
1118,Mecha-Streisand,Non-Human
1119,Mecha-Streisand,Non-Human
1120,Roger Goodell (Goodell-Bot),Non-Human
1121,McCormick's Robot Gaurd,Non-Human
1122,Robot Monkeys (Pip),Non-Human
1123,Crab People,Non-Human
1124,Crab King,Non-Human
1125,Gnome CEO of Public Relations,Non-Human
1126,Gnome King,Non-Human
1127,Gnome Warlock,Non-Human
1128,Kevin Mephesto,Non-Human
1129,Manbearpig (Character),Non-Human
1130,Scuzzlebutt,Non-Human
1131,Towelie,Non-Human
1132,Underpants Gnomes,Non-Human
1133,Washcloth,Non-Human
1134,Barbra Streisand,Non-Human
1135,Big Black Scary Monster,Non-Human
1136,C'thulhu,Non-Human
1137,Darth Chef,Non-Human
1138,Evil Clone Stan,Non-Human
1139,Gary,Non-Human
1140,Guinea Pigs,Non-Human
1141,Homeless People,Non-Human
1142,Hippies,Non-Human
1143,The Japanese (Whale Whores),Non-Human
1144,Jerseyites,Non-Human
1145,Lovecraftian Creatures,Non-Human
1146,Meth Heads,Non-Human
1147,Mongolians,Non-Human
1148,Mutant Turkeys,Non-Human
1149,Osama bin Laden,Non-Human
1150,NAMBLA,Non-Human
1151,Reality,Non-Human
1152,Reptilian Bird,Non-Human
1153,Saddam Hussein,Non-Human
1154,Snooki,Non-Human
1155,Statue of Abraham Lincoln,Non-Human
1156,Statue of John Wilkes Booth,Non-Human
1157,Tooth Decay,Non-Human
1158,Trapper Keeper,Non-Human
1159,Dr. Tristan Adams,Non-Human
1160,Evil,Non-Human
1161,Evil,Non-Human
1162,Pinkeye Zombies,Non-Human
1163,Zombie Chef,Non-Human
1164,Zombie Clyde,Non-Human
1165,Zombie Kenny,Non-Human
1166,Zombie Pip,Non-Human
1167,Zombie Wendy,Non-Human
1168,Nazi Zombies,Non-Human
1169,Nazi Zombie Chef,Non-Human
1170,Nazi Zombie Cows,Non-Human
1171,Nazi Zombie Fetuses,Non-Human
1172,Nazi Zombie Kittens,Non-Human
1173,Nazi Zombie Princess Kenny,Non-Human
1174,Nazi Zombie Underpants Gnomes,Non-Human
1175,Zombie Wendy,Non-Human
1176,Member Berries,Non-Human
1177,Amber Hankey,Religious
1178,Autumn Hankey,Religious
1179,Cornwallis Hankey,Religious
1180,Simon Hankey,Religious
1181,Mr. Hankey,Religious
1182,Santa Claus,Religious
1183,Anti-Christ,Religious
1184,Beelzeboot the Canadian Devil,Religious
1185,Death (character),Religious
1186,Damien Demons,Religious
1187,Demonius,Religious
1188,Demons,Religious
1189,Haman,Religious
1190,Hell Director,Religious
1191,Kevin (demon),Religious
1192,Satan,Religious
1193,Succubus,Religious
1194,Woodland Critters,Religious
1195,Zazul,Religious
1196,Elder Carn,Religious
1197,Elder Harris,Religious
1198,Elder Garth,Religious
1199,Elder Schwartz,Religious
1200,Job,Religious
1201,Lucy Harris,Religious
1202,Martin Harris,Religious
1203,Michael the Archangel,Religious
1204,Archangel Gabriel,Religious
1205,Archangel Uriel,Religious
1206,Moroni,Religious
1207,Satan's Spy,Religious
1208,Shlomo,Religious
1209,Missionary Girls,Religious
1210,David Blaine,Religious
1211,H.P. Lovecraft,Religious
1212,Pope Benedict XVI,Religious
1213,Pope Francis,Religious
1214,Pope John Paul II,Religious
1215,Pope Snowball,Religious
1216,Queen Spider,Religious
1217,Saint Peter,Religious
1218,Super Best Friends (team),Religious
1219,Buddha,Religious
1220,Jesus Christ,Religious
1221,Joseph Smith,Religious
1222,Krishna,Religious
1223,Lao-Tse,Religious
1224,Moses,Religious
1225,Muhammad,Religious
1226,Sea-Man,Religious
1227,Swallow,Religious
1228,God,Religious
1229,Aging Hippie Liberal Douche,Celebrities
1230,Arthur Fonzarelli,Celebrities
1231,Bucky Bailey,Celebrities
1232,Gary Coleman,Celebrities
1233,Heidi,Celebrities
1234,Lorde,Celebrities
1235,Freja Ollegard,Celebrities
1236,Sandy Cervix,Celebrities
1237,The Griffins (Family Guy),Celebrities
1238,Peter Griffin,Celebrities
1239,Lois Griffin,Celebrities
1240,Jeff and Patty Hamill,Celebrities
1241,Hardly Boys,Celebrities
1242,Imperial Stormtroopers,Celebrities
1243,Indiana Jones,Celebrities
1244,The Joker (Heath Ledger),Celebrities
1245,Fred Krueger,Celebrities
1246,Luke Skywalker,Celebrities
1247,Mayor of Imaginationland,Celebrities
1248,Hat McCullogh,Celebrities
1249,Mr. Mouse,Celebrities
1250,Sanctified,Celebrities
1251,Bart Simpson,Celebrities
1252,Richard Stamos,Celebrities
1253,Trinity,Celebrities
1254,General Tso,Celebrities
1255,Rebecca Turnod,Celebrities
1256,George Burns,Celebrities
1257,Helen Keller,Celebrities
1258,Princess Diana,Celebrities
1259,Gandhi,Celebrities
1260,Emperor Hirohito,Celebrities
1261,Adolf Hitler,Celebrities
1262,Benjamin Franklin,Celebrities
1263,John Adams,Celebrities
1264,Thomas Jefferson,Celebrities
1265,John Dickinson,Celebrities
1266,Thomas Hancock,Celebrities
1267,Stephen Hopkins,Celebrities
1268,Elvis Presley,Celebrities
1269,Colonel Harland Sanders,Celebrities
1270,Joe Gargery,Celebrities
1271,Mrs. Joe Gargery,Celebrities
1272,Miss Havisham,Celebrities
1273,Afro Ninja,Celebrities
1274,Chocolate Rain Guy,Celebrities
1275,Chris Crocker,Celebrities
1276,Cute Sneezing Panda,Celebrities
1277,Dramatic Look Gopher,Celebrities
1278,Numa Numa Guy,Celebrities
1279,Oh Long Johnson Cat,Celebrities
1280,Laughing Baby,Celebrities
1281,LonelyGirl15,Celebrities
1282,PewDePie,Celebrities
1283,Star Wars Kid,Celebrities
1284,Tron Guy,Celebrities
1285,Alan Jackson,Celebrities
1286,Biggie Smalls,Celebrities
1287,Broadway Bros,Celebrities
1288,Bryan Adams,Celebrities
1289,Tony Bennett,Celebrities
1290,Bono,Celebrities
1291,Justin Bieber,Celebrities
1292,Jennifer Lopez,Celebrities
1293,Jimmy Buffett,Celebrities
1294,Joe Strummer,Celebrities
1295,Cher,Celebrities
1296,Kurt Cobain,Celebrities
1297,Les Claypool,Celebrities
1298,Phil Collins,Celebrities
1299,Miley Cyrus,Celebrities
1300,P Diddy,Celebrities
1301,Ronnie James Dio,Celebrities
1302,Celine Dion,Celebrities
1303,Snoop Dogg,Celebrities
1304,Iggy Azalea,Celebrities
1305,Kenny G,Celebrities
1306,Lady Gaga,Celebrities
1307,Jerry Garcia,Celebrities
1308,Philip Glass,Celebrities
1309,Cee Lo Green,Celebrities
1310,Michael Jackson,Celebrities
1311,Rick James,Celebrities
1312,Elton John,Celebrities
1313,R Kelly,Celebrities
1314,Wing Lu Kim,Celebrities
1315,Demi Lovato,Celebrities
1316,Madonna,Celebrities
1317,Marilyn Manson,Celebrities
1318,Master P,Celebrities
1319,Meat Loaf,Celebrities
1320,Nicki Minaj,Celebrities
1321,Alanis Morisette,Celebrities
1322,Randy Newman,Celebrities
1323,Sinead O'Connor,Celebrities
1324,Yoko Ono,Celebrities
1325,Ozzy Osbourne,Celebrities
1326,Braid Paisley,Celebrities
1327,Kid Rock,Celebrities
1328,Tupac Shakur,Celebrities
1329,Robert Smith,Celebrities
1330,Britney Spears,Celebrities
1331,Rod Stewart,Celebrities
1332,Taylor Swift,Celebrities
1333,James Taylor,Celebrities
1334,Vunter Slaush,Celebrities
1335,Kanye West,Celebrities
1336,Blink-182,Celebrities
1337,Boston,Celebrities
1338,Ronnie James Dio,Celebrities
1339,Jonas Brothers,Celebrities
1340,KORN,Celebrities
1341,Metallica,Celebrities
1342,PRIMUS,Celebrities
1343,Radiohead,Celebrities
1344,Rancid,Celebrities
1345,The Rockettes,Celebrities
1346,Toto,Celebrities
1347,Rush,Celebrities
1348,Van Halen,Celebrities
1349,Ween,Celebrities
1350,U2,Celebrities
1351,J.J. Abrams,Celebrities
1352,Michael Bay,Celebrities
1353,Tim Burton,Celebrities
1354,James Cameron,Celebrities
1355,Francis Ford Coppola,Celebrities
1356,Mel Gibson,Celebrities
1357,George Lucas,Celebrities
1358,Rob Reiner,Celebrities
1359,Steven Spielberg,Celebrities
1360,M. Night Shyamalan,Celebrities
1361,Al Pacino,Celebrities
1362,Alec Baldwin,Celebrities
1363,Ben Affleck,Celebrities
1364,Matthew Broderick,Celebrities
1365,Tom Cruise,Celebrities
1366,Brian Dennehy,Celebrities
1367,Leonardo DiCaprio,Celebrities
1368,Vin Diesel,Celebrities
1369,Michael Douglas,Celebrities
1370,Morgan Freeman,Celebrities
1371,Nick Nolte,Celebrities
1372,Matthew McConaughey,Celebrities
1373,Jeff Goldblum,Celebrities
1374,Gene Hackman,Celebrities
1375,Tom Hanks,Celebrities
1376,David Haselhoff,Celebrities
1377,Angelina Jolie,Celebrities
1378,Nicole Kidman,Celebrities
1379,Tyler Perry,Celebrities
1380,Sidney Poitier,Celebrities
1381,Natalie Portman,Celebrities
1382,Robert Redford,Celebrities
1383,Robin Williams,Celebrities
1384,Christopher Reeve,Celebrities
1385,Winona Ryder,Celebrities
1386,Kurt Russell,Celebrities
1387,Adam Sandler,Celebrities
1388,Rob Schneider,Celebrities
1389,Steven Seagal,Celebrities
1390,Will Smith,Celebrities
1391,Sylvester Stallone,Celebrities
1392,John Travolta,Celebrities
1393,Whoopi Goldberg,Celebrities
1394,David Spade,Celebrities
1395,Louie CK,Celebrities
1396,Zach Galifianikis,Celebrities
1397,Russell Brand,Celebrities
1398,Kevin James,Celebrities
1399,Tom Green,Celebrities
1400,Tommy Chong,Celebrities
1401,Cheech Marin,Celebrities
1402,Cheech and Chong,Celebrities
1403,Angus T. Jones,Celebrities
1404,The A-Team,Celebrities
1405,Neve Campbell,Celebrities
1406,Drew Carey,Celebrities
1407,Bill Cosby (actor),Celebrities
1408,Peter Billingsley,Celebrities
1409,Russell Crowe,Celebrities
1410,Bob Denver,Celebrities
1411,Lena Dunham,Celebrities
1412,Michael Dorn,Celebrities
1413,Jon Cryer,Celebrities
1414,John Edward,Celebrities
1415,Selena Gomez,Celebrities
1416,Steve Irwin,Celebrities
1417,Barnaby Jones,Celebrities
1418,Michael Landon,Celebrities
1419,Emmanuel Lewis,Celebrities
1420,Vince McMahon,Celebrities
1421,Cesar Millan,Celebrities
1422,Sarah Jessica Parker,Celebrities
1423,Michael Richards,Celebrities
1424,Eric Roberts,Celebrities
1425,Bob Saget,Celebrities
1426,Fred Savage,Celebrities
1427,Charlie Sheen,Celebrities
1428,Brooke Shields,Celebrities
1429,Suzanne Somers,Celebrities
1430,Sally Struthers,Celebrities
1431,Sally Struthers Jabba (Starvin' Marvin in Space),Celebrities
1432,Tina Yothers,Celebrities
1433,Wolf Blitzer,Celebrities
1434,Anderson Cooper,Celebrities
1435,Chris Hansen,Celebrities
1436,Larry King,Celebrities
1437,Matt Lauer,Celebrities
1438,Jim Lehrer,Celebrities
1439,Kurt Loder,Celebrities
1440,Bill O'Reilly,Celebrities
1441,Geraldo Rivera,Celebrities
1442,Jim Rome,Celebrities
1443,Charlie Rose,Celebrities
1444,John Walsh,Celebrities
1445,Ron Zappolo,Celebrities
1446,Ellen DeGeneres,Celebrities
1447,Kathie Lee Gifford,Celebrities
1448,Dr. Phil McGraw,Celebrities
1449,Rosie O'Donnell,Celebrities
1450,Dr. Mehmet Oz,Celebrities
1451,Pat Sajak,Celebrities
1452,Martha Stewart,Celebrities
1453,Oprah Winfrey,Celebrities
1454,Robin Meade,Celebrities
1455,Wendy Williams,Celebrities
1456,Vannah White,Celebrities
1457,Jimmy Fallon,Celebrities
1458,Jimmy Kimmel,Celebrities
1459,Jay Leno,Celebrities
1460,David Letterman,Celebrities
1461,Conan O'Brien,Celebrities
1462,Mario Batali,Celebrities
1463,Alton Brown,Celebrities
1464,Paula Deen,Celebrities
1465,Guy Fieri,Celebrities
1466,Bobby Flay,Celebrities
1467,Giada de Laurentiis,Celebrities
1468,Gordon Ramsay,Celebrities
1469,Jamie Oliver,Celebrities
1470,Brobee,Celebrities
1471,Foofa,Celebrities
1472,Muno,Celebrities
1473,Plex,Celebrities
1474,Toodee,Celebrities
1475,Dick Dastardly,Celebrities
1476,Muttley,Celebrities
1477,Charlie Brown (Peanuts),Celebrities
1478,Lucy van Pelt (Peanuts),Celebrities
1479,Snoopy (Peanuts),Celebrities
1480,Beth (Dawg's Bitch),Celebrities
1481,Honey Boo Boo,Celebrities
1482,Finding Bigfoot Crew,Celebrities
1483,Gigi Hadid,Celebrities
1484,Paris Hilton,Celebrities
1485,The Ghost Hunters,Celebrities
1486,Mama June,Celebrities
1487,Khloe Kardashian,Celebrities
1488,Kim Kardashian,Celebrities
1489,Kourtney Kardashian,Celebrities
1490,Paul Watson,Celebrities
1491,Nanny 911 Nanny Stella,Celebrities
1492,Supernanny Jo,Celebrities
1493,Emperor Akihito,Celebrities
1494,Taro Aso,Celebrities
1495,Yukia Hayotama,Celebrities
1496,Luis Inacio Lula da Silva,Celebrities
1497,Gordon Brown,Celebrities
1498,Felipe CalderÃ³n,Celebrities
1499,Queen Elizabeth II,Celebrities
1500,Kim Jong-il,Celebrities
1501,Mao Zedong,Celebrities
1502,Angela Merkel,Celebrities
1503,Vladimir Putin,Celebrities
1504,Matti Vanhanen,Celebrities
1505,Fidel Castro,Celebrities
1506,Ali Khamenei,Celebrities
1507,Silvio Berlusconi,Celebrities
1508,Wen Jiabao,Celebrities
1509,Han Sueng-Soo,Celebrities
1510,Raila Odinga,Celebrities
1511,Nicholas Sarkozy,Celebrities
1512,John Howard,Celebrities
1513,Xi Jinping,Celebrities
1514,Boris Johnson,Celebrities
1515,Costa Rican Leader,Celebrities
1516,Costa Rican Guard #1,Celebrities
1517,Costa Rican Guard #2,Celebrities
1518,Costa Rican Marxist Leader,Celebrities
1519,Costa Rican Marxist Soldiers,Celebrities
1520,Barry Bonds,Celebrities
1521,Brian Boitano,Celebrities
1522,Don King,Celebrities
1523,Jason Giambi,Celebrities
1524,Kobe Bryant,Celebrities
1525,Lance Armstrong,Celebrities
1526,Michael Buffer,Celebrities
1527,Magic Johnson,Celebrities
1528,Mark McGuire,Celebrities
1529,Michael Jordan,Celebrities
1530,Tiger Woods,Celebrities
1531,Ben Roethlisberger,Celebrities
1532,Brett Favre,Celebrities
1533,Chris Baker,Celebrities
1534,Chris Kuper,Celebrities
1535,Colin Kaepernick,Celebrities
1536,Demaryius Thomas,Celebrities
1537,Eric Decker,Celebrities
1538,Jay Cutler,Celebrities
1539,Jay Gruden,Celebrities
1540,JJ Watt,Celebrities
1541,John Elway,Celebrities
1542,Keith Brooking,Celebrities
1543,Kirk Cousins,Celebrities
1544,LaMarr Woodley,Celebrities
1545,Matt Hasselbeck,Celebrities
1546,Peyton Manning,Celebrities
1547,Pierre GarÃ§on,Celebrities
1548,Quinton Patton,Celebrities
1549,Robert Griffin III,Celebrities
1550,Stephen Bowen,Celebrities
1551,Thad Lewis,Celebrities
1552,Tom Brady,Celebrities
1553,Torrey Smith,Celebrities
1554,Tramaine Brock,Celebrities
1555,Trenton Brown,Celebrities
1556,Ty Warren,Celebrities
1557,Tyler Polumbus,Celebrities
1558,Vance McDonald,Celebrities
1559,O. J. Simpson,Celebrities
1560,NFL Owners,Celebrities
1561,Alex Spanos,Celebrities
1562,Art Rooney,Celebrities
1563,Arthur Blank,Celebrities
1564,Bill Bidwell,Celebrities
1565,Bob McNair,Celebrities
1566,Clark Hunt,Celebrities
1567,Dan Rooney,Celebrities
1568,Dan Snyder,Celebrities
1569,Gideon Yu,Celebrities
1570,Jeff Lurie,Celebrities
1571,Jerry Jones,Celebrities
1572,Jerry Richardson,Celebrities
1573,Jim Irsay,Celebrities
1574,Jimmy Haslam,Celebrities
1575,Joe Ellis,Celebrities
1576,Joel Glazer,Celebrities
1577,John Mara,Celebrities
1578,Mark Davis,Celebrities
1579,Mark Murphy,Celebrities
1580,Martha Ford,Celebrities
1581,Mike Brown,Celebrities
1582,Paul Allen,Celebrities
1583,Robert Kraft,Celebrities
1584,Shahid Khan,Celebrities
1585,Stan Kroenke,Celebrities
1586,Stephen Ross,Celebrities
1587,Steve Bisciotti,Celebrities
1588,Tom Benson,Celebrities
1589,Tommy Smith,Celebrities
1590,Virginia Halas McCaskey,Celebrities
1591,Woody Johnson,Celebrities
1592,Zygi Wilf,Celebrities
1593,Dale Earnhardt Jr.,Celebrities
1594,Danica Patrick,Celebrities
1595,Jeff Gordon,Celebrities
1596,Jimmie Johnson,Celebrities
1597,Matt Kenseth,Celebrities
1598,Tony Stewart,Celebrities
1599,Ghost Celebrities,Celebrities
1600,Ghost Celebrities,Celebrities
1601,Ghost Celebrities,Celebrities
1602,Ghost Celebrities,Celebrities
1603,Ghost Celebrities,Celebrities
1604,Ghost Celebrities,Celebrities
1605,Ghost Celebrities,Celebrities
1606,Ghost Celebrities,Celebrities
1607,Ghost Celebrities,Celebrities
1608,Ghost Celebrities,Celebrities
1609,Ghost Celebrities,Celebrities
1610,Elon Musk,Celebrities
1611,Gloria Allred,Celebrities
1612,Johnnie Cochran,Celebrities
1613,Richard Dawkins,Celebrities
1614,Bill Donahue,Celebrities
1615,Jared Fogle,Celebrities
1616,Bill Gates,Celebrities
1617,Brad Pitt,Celebrities
1618,Steve Jobs,Celebrities
1619,Tony Hayward,Celebrities
1620,Charles Manson,Celebrities
1621,Leonard Maltin,Celebrities
1622,George R. R. Martin,Celebrities
1623,Sarah McLachlanm,Celebrities
1624,John Ramsey,Celebrities
1625,John Ramsey,Celebrities
1626,George Zimmerman,Celebrities
1627,Satan (Stan Marsh),Alter Egos
1628,Stan (Drunk),Alter Egos
1629,Stan Star Trek Outfit (The Passion of the Jew),Alter Egos
1630,Goth Stan,Alter Egos
1631,Mudbeard Stan,Alter Egos
1632,Stan (Football Jersey),Alter Egos
1633,Tall Black Kyle,Alter Egos
1634,Jewbilee Kyle,Alter Egos
1635,Kyley-B,Alter Egos
1636,Kyle tied to tree (Stunning and Brave),Alter Egos
1637,Kyle Star Trek Outfit (The Passion of the Jew),Alter Egos
1638,Chicken Kyle,Alter Egos
1639,A.W.E.S.O.M.-O 4000,Alter Egos
1640,CartmanBrah,Alter Egos
1641,Cop Cartman,Alter Egos
1642,Cartman Yelp Food Critic,Alter Egos
1643,Tom Brady (Cartman),Alter Egos
1644,Eric Cartman,Alter Egos
1645,Dawg the Hall Monitor,Alter Egos
1646,Hennifer Lopez,Alter Egos
1647,Mitch Conner,Alter Egos
1648,Hitler Cartman,Alter Egos
1649,Cupid Cartman,Alter Egos
1650,Visitor Hypnotized Cartman,Alter Egos
1651,Slaver Cartman,Alter Egos
1652,Sunglasses Cartman,Alter Egos
1653,Pube-Faced Cartman,Alter Egos
1654,Cartman Star Trek Outfit (The Passion of the Jew),Alter Egos
1655,Lawyer Cartman,Alter Egos
1656,Gordon Ramsay Cartman,Alter Egos
1657,Kenny McCormick,Alter Egos
1658,Blanket Kenny (The Jeffersons),Alter Egos
1659,No Hood Kenny,Alter Egos
1660,Major Boobage Kenny,Alter Egos
1661,Jewbilee Kenny,Alter Egos
1662,City Wok Worker Kenny,Alter Egos
1663,Kenny Vegetable,Alter Egos
1664,Dead Kenny Skeletal,Alter Egos
1665,Church Kenny,Alter Egos
1666,Frozen Kenny,Alter Egos
1667,Star Trek Outfit Kenny (The Passion of the Jew),Alter Egos
1668,Lady McCormick (Princess Kenny),Alter Egos
1669,Platypus Kenny,Alter Egos
1670,Batman Kenny,Alter Egos
1671,Deer Kenny,Alter Egos
1672,Inspector Butters,Alter Egos
1673,Pimp Butters,Alter Egos
1674,Courtney Love Butters,Alter Egos
1675,Butters Headset (Grounded Vindaloop),Alter Egos
1676,Moustache Butters,Alter Egos
1677,Vampire Butters (The Ungroundable),Alter Egos
1678,Ike Clown,Alter Egos
1679,Jewbilee Ike,Alter Egos
1680,The Amazingly Randi,Alter Egos
1681,Randy Marsh,Alter Egos
1682,Steamy Ray Vaughan,Alter Egos
1683,Randy's Friends,Alter Egos
1684,Randy with Bronco Jersey (Sarcrastaball),Alter Egos
1685,Broncos Coach Randy,Alter Egos
1686,South Park Cows Coach Randy,Alter Egos
1687,Mall Cop Randy,Alter Egos
1688,Guitar Hero Randy,Alter Egos
1689,Baseball Fights Randy,Alter Egos
1690,"Hippie Randy (Die Hippie, Die)",Alter Egos
1691,Long Hair Randy (Stanley's Cup),Alter Egos
1692,Blockbuster Randy,Alter Egos
1693,Randy (Volcano),Alter Egos
1694,Gerald Broflovski,Alter Egos
1695,UPS Man Gerald,Alter Egos
1696,S-WOW Tittybang,Alter Egos
1697,Sheila (Lingerie),Alter Egos
1698,Hippie Sharon,Alter Egos
1699,Blockbuster Sharon,Alter Egos
1700,Spooked Out Stephen (The Magic Bush),Alter Egos
1701,Crack Whore Liane,Alter Egos
1702,Young Liane Cartman,Alter Egos
1703,Young Stuart (Mysterion Rises),Alter Egos
1704,Young Mrs. McCormick (Mysterion Rises),Alter Egos
1705,Mr. Hat,Alter Egos
1706,Mr. Twig,Alter Egos
1707,Mr. Garrison,Alter Egos
1708,Young Garrison (Cartman's Mom is a Dirty Slut),Alter Egos
1709,4th Grade Garrison,Alter Egos
1710,Dr. Janus,Alter Egos
1711,Mr. Lu Kim City Airlines,Alter Egos
1712,Yolanda,Alter Egos
1713,Visitor Hypnotized Officer Barbrady,Alter Egos
1714,Jimmy Bowtie,Alter Egos
1715,Erection Jimmy,Alter Egos
1716,Jimmy (Crips),Alter Egos
1717,Time Machine Timmy,Alter Egos
1718,Timmy (Crips),Alter Egos
1719,Smurf Wendy,Alter Egos
1720,Black Leather Wendy,Alter Egos
1721,Slut Wendy,Alter Egos
1722,Baseball Token (Here Comes the Neighborhood),Alter Egos
1723,Bass Token,Alter Egos
1724,Martin Jefferson,Alter Egos
1725,Caitlyn Jenner,Alter Egos
1726,Principal Victoria,Alter Egos
1727,4th Grader Mackey,Alter Egos
1728,Steven McTowelie,Alter Egos
1729,Britney Spears (AWESOM-O),Alter Egos
1730,Britney Spears Kyle (Britney's New Look),Alter Egos
1731,Kyle (Hat and Sunglasses),Alter Egos
1732,Erica Cartman,Alter Egos
1733,Janet Garrison,Alter Egos
1734,Long Blonde Wig Kenny (Cartman Joins NAMBLA),Alter Egos
1735,Lorde,Alter Egos
1736,Marjorine (identity),Alter Egos
1737,Ming Lee Cartman,Alter Egos
1738,Undercover Prostitute Cop Cartman,Alter Egos
1739,Wendy (Cartman) (Dances With the Smurfs),Alter Egos
1740,Wendyl Testaburger,Alter Egos
1741,Coon and Friends,Alter Egos
1742,Mysterion,Alter Egos
1743,Professor Chaos,Alter Egos
1744,Call Girl,Alter Egos
1745,Captain Diabetes,Alter Egos
1746,Coon,Alter Egos
1747,Mint-Berry Crunch,Alter Egos
1748,Toolshed,Alter Egos
1749,The Human Kite,Alter Egos
1750,Iron Maiden,Alter Egos
1751,Professor Timothy,Alter Egos
1752,Super Craig,Alter Egos
1753,Tupperware,Alter Egos
1754,Mosquito,Alter Egos
1755,Fastpass,Alter Egos
1756,Wonder Tweek,Alter Egos
1757,General Disarray,Alter Egos
1758,Captain Hindsight,Alter Egos
1759,Kyle Schwartz,Alter Egos
1760,Towelie,Alter Egos
1761,Fighters of Zaron,Alter Egos
1762,Human Barbarians,Alter Egos
1763,Elven Warriors,Alter Egos
1764,The Grand Wizard King,Alter Egos
1765,Anime Wizard King,Alter Egos
1766,Ranger Stan Marshwalker,Alter Egos
1767,Paladin Kyle,Alter Egos
1768,High Jew Elf King,Alter Egos
1769,Lady McCormick,Alter Egos
1770,Princess Kenny (non-anime),Alter Egos
1771,Princess Kenny,Alter Egos
1772,Paladin Butters the Merciful,Alter Egos
1773,The Bard,Alter Egos
1774,Feldspar the Thief,Alter Egos
1775,The Lord of Darkness,Alter Egos
1776,Token Black the Healer,Alter Egos
1777,Fast Travel Timmy,Alter Egos
1778,Barbarian Tweek,Alter Egos
1779,Viking Goth Kids,Alter Egos
1780,Pirate King Ike,Alter Egos
1781,Warrior Wendy,Alter Egos
1782,Warrior Bebe,Alter Egos
1783,Warrior Red,Alter Egos
1784,Warrior Annie,Alter Egos
1785,Warrior Lola,Alter Egos
1786,Warrior Heidi,Alter Egos
1787,Warrior Millie,Alter Egos
1788,Warrior Jenny,Alter Egos
1789,Warrior Allie,Alter Egos
1790,Warrior Nelly,Alter Egos
1791,Warrior Esther,Alter Egos
1792,Warrior Jessie,Alter Egos
1793,Warrior Randy,Alter Egos
1794,Federation Kids,Alter Egos
1795,Eric Cartman (no hat),Alter Egos
1796,Craig (Unhatted),Alter Egos
1797,Stan Marsh (no hat),Alter Egos
1798,Kyle Broflovski (no hat),Alter Egos
1799,Bebe Stevens (make-up),Alter Egos
1800,Butters Stotch (Picture Day),Alter Egos
1801,Kenny McCormick (ass-faced),Alter Egos
1802,KKK Cartman (Pinkeye),Alter Egos
1803,Raggedy Andy (Pinkeye),Alter Egos
1804,Chewbacca Kyle (Pinkeye),Alter Egos
1805,Zombie Kenny (Pinkeye),Alter Egos
1806,Chewbacca Bill and Fosse,Alter Egos
1807,Wendy Chewbacca (Pinkeye),Alter Egos
1808,Marolyn Monroe Garrison (Pinkeye),Alter Egos
1809,Mr Hat Chewbacca (Pinkeye),Alter Egos
1810,Solar System Kyle (Pinkeye),Alter Egos
1811,Vampire Kyle (Pinkeye),Alter Egos
1812,Evel Knievel Chef (Pinkeye),Alter Egos
1813,Michael Jackson Chef (Pinkeye),Alter Egos
1814,Witch Ms. Cartman,Alter Egos
1815,Clown Kyle,Alter Egos
1816,Cowboy Stan,Alter Egos
1817,Robot Kenny,Alter Egos
1818,Wearpercaun (Butters),Alter Egos
1819,Gangnam Jimmy,Alter Egos
1820,Gangnam Craig,Alter Egos
1821,Gangnamstein,Alter Egos
1822,Ryan Gosling Garrison (Drive),Alter Egos
1823,Gangnam Mackey,Alter Egos
1824,Finn (Adventure Time),Alter Egos
1825,The Shining Randy,Alter Egos
1826,Banana Man,Alter Egos
1827,Iron Kenny,Alter Egos
1828,Almighty Kyle,Alter Egos
1829,The Incredible Cartman,Alter Egos
1830,Captain America Stan,Alter Egos
1831,Captain America on FaceTime,Alter Egos
1832,Mexican Stan,Alter Egos
1833,Mexican Kyle,Alter Egos
1834,Mantequilla (Butters),Alter Egos
1835,Mexican Jimmy,Alter Egos
1836,Mexican Token,Alter Egos
1837,Mexican Kenny,Alter Egos
1838,Border Patrol Cartman,Alter Egos
1839,Border Patrol Clyde,Alter Egos
1840,Border Patrol Craig,Alter Egos
1841,Border Patrol Dog Poo,Alter Egos
1842,Border Patrol Jason,Alter Egos
1843,Border Patrol Timmy,Alter Egos
1844,South Park Ninja Clan,Alter Egos
1845,South Park Ninja Clan,Alter Egos
1846,South Park Ninja Clan,Alter Egos
1847,South Park Ninja Clan,Alter Egos
1848,South Park Ninja Clan,Alter Egos
1849,South Park Ninja Clan,Alter Egos
1850,South Park Ninja Clan,Alter Egos
1851,South Park Ninja Clan,Alter Egos
1852,South Park Ninja Clan,Alter Egos
1853,South Park Ninja Clan,Alter Egos
1854,South Park Ninja Clan,Alter Egos
1855,Douche,Alter Egos
1856,Harbucks Camel,Alter Egos
1857,Hoppy,Alter Egos
1858,Mooey,Alter Egos
1859,Oinky,Alter Egos
1860,Sexual Harassment Panda,Alter Egos
1861,Suzette,Alter Egos
1862,Turd Sandwich,Alter Egos
1863,Whistlin' Willy,Alter Egos
1864,Unmasked Whistlin' Willy,Alter Egos
1865,Willy,Alter Egos
1866,Woodsy Owl,Alter Egos
1867,Antonio Banderas Blowup Doll,Alter Egos
1868,Doll With Bush,Alter Egos
1869,Clyde Frog,Alter Egos
1870,Peter Panda,Alter Egos
1871,Polly Prissy Pants,Alter Egos
1872,Precious,Alter Egos
1873,Muscle Man Marc,Alter Egos
1874,Rumper Tumpskin,Alter Egos
1875,Stop Touching Me Elmo,Alter Egos
1876,Karen's Dollie,Alter Egos
1877,The Boys,Groups
1878,The Boys (Preschool),Groups
1879,The Avengers,Groups
1880,The Boys Churchwear,Groups
1881,Faith + 1,Groups
1882,The Fellowship of the Lord of the Rings,Groups
1883,Fingerbang,Groups
1884,Laundromat Boys,Groups
1885,Live-Action Actors,Groups
1886,Live-Action Boys (Grounded Vindaloop),Groups
1887,The Llama Brothers,Groups
1888,Metrosexual Boys,Groups
1889,Moop,Groups
1890,Ninjas of Tokugawa,Groups
1891,Obese World of Warcraft Boys,Groups
1892,Flashback Pee-Wee Hockey Team,Groups
1893,South Park Children's Choir (The City Part of Town),Groups
1894,South Park Junior Detectives,Groups
1895,Super Awesome Talent Agency,Groups
1896,The Washington Redskins (Company),Groups
1897,World Takedown Federation,Groups
1898,Craig and Those Guys,Groups
1899,Craig's Metrosexual Gang,Groups
1900,Craig's Ninja Gang,Groups
1901,Emo Kids,Groups
1902,Federation Kids,Groups
1903,FBI Kids,Groups
1904,Ginger Kids,Groups
1905,Glee Club,Groups
1906,Goth Kids,Groups
1907,Harry Potter Kids,Groups
1908,Mall Kids,Groups
1909,The Melvins,Groups
1910,Orange County Dance Crew,Groups
1911,Pleases and Sparkles Club,Groups
1912,Purity Ring Kids,Groups
1913,Raisins Girls,Groups
1914,Sixth Graders,Groups
1915,Tardicaca Campers,Groups
1916,Ugly Kids,Groups
1917,Vampire Kids,Groups
1918,1974 Kids (Insheeption),Groups
1919,Afghan Boys,Groups
1920,Billy Thompson and Friends,Groups
1921,Fort Collins Team,Groups
1922,Denver Team,Groups
1923,Camp New Grace Kids,Groups
1924,The Foley Kids,Groups
1925,Quints,Groups
1926,The Krips,Groups
1927,Tourettes Kids,Groups
1928,Weatherheads' Kids,Groups
1929,Canadian Kids (Where My Country Gone?),Groups
1930,City Wok Child Labor,Groups
1931,Cows Boys' Basketball Players,Groups
1932,Cows Cheerleaders,Groups
1933,Cows Dodgeball Players,Groups
1934,Cows Football Players,Groups
1935,Cows Girls' Volleyball Players,Groups
1936,Cows Sarcastaball Players,Groups
1937,Adams County Pee-Wee Hockey Team,Groups
1938,Baseball Team,Groups
1939,Chinese Dodgeball Players,Groups
1940,Getting Gay With Kids,Groups
1941,Jew Scouts,Groups
1942,La Resistance,Groups
1943,Park County Pee-Wee Hockey Team,Groups
1944,South Park Diggities,Groups
1945,South Park Pirate Club,Groups
1946,Volleyball Eagles,Groups
1947,Bill Clinton's Gentlemans' Club,Groups
1948,The Bloods,Groups
1949,The Crips,Groups
1950,The HandiCaps,Groups
1951,Hare Club for Men,Groups
1952,Kickstarter,Groups
1953,Latin Dads (South Park is Gay),Groups
1954,Metrosexual Dads,Groups
1955,Mothers Against Canada,Groups
1956,Mountain Scouts,Groups
1957,The National Association of Marlon Brando Look-Alikes,Groups
1958,PC Delta Fraternity,Groups
1959,South Park Committee,Groups
1960,Tardicaca Camp Counselors,Groups
1961,True Freaks Union,Groups
1962,TV/Movie Executives,Groups
1963,Wolf Home Security,Groups
1964,Secret Society of Cynics,Groups
1965,PETA,Groups
1966,Psychics,Groups
1967,Yelpers,Groups
1968,Butt Out! (group),Groups
1969,Ghetto Avenue Boys,Groups
1970,Lords of the Underworld,Groups
1971,Terrorists,Groups
1972,Burger King Bandits,Groups
1973,Banes,Groups
1974,Harley Riders,Groups
1975,Terrorists,Groups
1976,Ku Klux Klan,Groups
1977,Legion of Doom,Groups
1978,Red Box Killers,Groups
1979,Restaraunteer Terrorists,Groups
1980,Super Adventure Club,Groups
1981,Three Escaped Convicts,Groups
1982,1989 Denver Broncos,Groups
1983,Colorado Avalanche,Groups
1984,Denver Broncos,Groups
1985,Denver Broncos Cheerleaders,Groups
1986,Denver Broncos Fans,Groups
1987,Denver Nuggets,Groups
1988,Detroit Red Wings,Groups
1989,Dallas Cowboys Cheerleaders,Groups
1990,Dallas Cowboys Fans,Groups
1991,Dallas Cowboys,Groups
1992,Kansas City Chiefs,Groups
1993,Los Angeles Clippers,Groups
1994,Miami Dolphins,Groups
1995,Oakland Raiders,Groups
1996,New England Patriots,Groups
1997,Pittsburgh Steelers,Groups
1998,Washington Redskins,Groups
1999,Blainetologists,Groups
2000,Christians,Groups
2001,Church of Scientology,Groups
2002,Jews,Groups
2003,Mormons (Heaven),Groups
2004,Muslims,Groups
2005,Allied Atheist Alliance,Groups
2006,Unified Atheist League,Groups
2007,United Atheist Alliance,Groups
2008,Australians,Groups
2009,Chinese People,Groups
2010,Costa Ricans,Groups
2011,The Danish,Groups
2012,Ethiopians,Groups
2013,The French,Groups
2014,Goobacks (group),Groups
2015,The Japanese (Whale Whores),Groups
2016,Mexicans,Groups
2017,New Yorkers,Groups
2018,Iraqi People,Groups
2019,Persian People,Groups
2020,Romanian officials,Groups
2021,"Mr. Vladchick, the Quints' father",Groups
2022,Grandmama Vladchick,Groups
2023,Siberians,Groups
2024,Citizens of Imaginationland,Groups
2025,Council of Nine (Imaginationland),Groups
2026,Knights of Standards and Practices,Groups
2027,The Three Murderers,Groups
2028,Frosty the Snowman,Pilot Characters
2029,Nurse McSchwartz,Pilot Characters
2030,Cartman's Dad,Pilot Characters
2031,Cartman's Sister,Pilot Characters